{
    "0cf24a85def11d5b0649cfe653891598": "这首歌是否可以用于包括但不限于以下用途：助眠、运动、节日庆典、生日、婚礼、葬礼、校歌、企业歌曲、表白、宗教等？",
    "1fd0b40687b839caf0eabad3ebcf05e6": "这首歌是否可以用于包括但不限于以下用途：助眠、运动、节日庆典、生日、婚礼、葬礼、校歌、企业歌曲、表白、宗教等？",
    "21daaa51f1d02a6a80be8b12d66075cc": "这首歌用到了什么乐器和音效?包括电子音、现实世界音效采样等（如对白、集市环境音、汽车、铃声、雨声等）",
    "3d3e013f9301a0c7e0b7a31b52747bdd": "这首歌用到了什么乐器和音效?包括电子音、现实世界音效采样等（如对白、集市环境音、汽车、铃声、雨声等）",
    "442e6b97b6314985b08b03fecbd09c88": "这首歌的歌词风格？结合歌词内容和音乐对整首歌的主题进行简单总结？",
    "4abae46bb5f6302b5586079decd92f7b": "这首歌的人声有什么特点？",
    "4cf53760964c70917274f24da96ba2cc": "这首歌的人声有什么特点",
    "557fffb861b5cb0a511afcedf002cbca": "这首歌是否有明确的年龄特征？适合或者不适合某些人群",
    "637d5ba62cff51819c0da4362f755b58": "这首歌的音质怎么样？是否是现场版？是否是Lo-Fi或有其它低音质效果？",
    "6f9a02e633c0286ac6cad4833cf2ba86": "这首歌的速度和节奏如何？",
    "73fe3ae4204fa4f5228329111f7408be": "这首歌带给你的感受？",
    "75203100716afa1e0abb92725a8bea3f": "这首歌的歌词风格？结合歌词内容和音乐对整首歌的主题进行简单总结？",
    "7f1e9a5c18710886c305d7e506c346a7": "这首歌的音质怎么样？是否是现场版？是否是Lo-Fi或有其它低音质效果？",
    "a45992992b83720e51698066e6291554": "这首歌是否包含一些文化与地域的背景？如传统音乐、民族音乐、地区文化、宗教信仰、历史背景等。",
    "b1cfe0c7ac9632d9918e2cb008c38132": "这首歌带给你的感受？",
    "b4f67083f032c8006aa803f2413b6ce1": "这首歌属于什么经典的风格或流派吗？或者作为流行歌，歌曲里融入了怎样的元素？",
    "c1fe577b9618e14cc854704ad9f9b3e5": "这首歌是否有明确的年龄特征？适合或者不适合某些人群",
    "db691b6668ec3e775a766d0b97a46444": "这首歌是否包含、或让你联想到一些文化与地域的背景？如传统音乐、民族音乐、地区文化、宗教信仰、历史背景等。"
}